[{"<CategoryID>k__BackingField":1,"<CategoryName>k__BackingField":"Beverages","<Description>k__BackingField":"Soft drinks, coffees, teas, beers, and ales","<Products>k__BackingField":[{"<CategoryID>k__BackingField":1,"<Discontinued>k__BackingField":false,"<ProductID>k__BackingField":1,"<ProductName>k__BackingField":"Chai","<QuantityPerUnit>k__BackingField":"10 boxes x 20 bags","<ReorderLevel>k__BackingField":10,"<SupplierID>k__BackingField":1,"<UnitPrice>k__BackingField":18.0000,"<UnitsInStock>k__BackingField":39,"<UnitsOnOrder>k__BackingField":0},{"<CategoryID>k__BackingField":1,"<Discontinued>k__BackingField":false,"<ProductID>k__BackingField":2,"<ProductName>k__BackingField":"Chang","<QuantityPerUnit>k__BackingField":"24 - 12 oz bottles","<ReorderLevel>k__BackingField":25,"<SupplierID>k__BackingField":1,"<UnitPrice>k__BackingField":19.0000,"<UnitsInStock>k__BackingField":17,"<UnitsOnOrder>k__BackingField":40},{"<CategoryID>k__BackingField":1,"<Discontinued>k__BackingField":true,"<ProductID>k__BackingField":24,"<ProductName>k__BackingField":"Guaraná Fantástica","<QuantityPerUnit>k__BackingField":"12 - 355 ml cans","<ReorderLevel>k__BackingField":0,"<SupplierID>k__BackingField":10,"<UnitPrice>k__BackingField":4.5000,"<UnitsInStock>k__BackingField":20,"<UnitsOnOrder>k__BackingField":0},{"<CategoryID>k__BackingField":1,"<Discontinued>k__BackingField":false,"<ProductID>k__BackingField":34,"<ProductName>k__BackingField":"Sasquatch Ale","<QuantityPerUnit>k__BackingField":"24 - 12 oz bottles","<ReorderLevel>k__BackingField":15,"<SupplierID>k__BackingField":16,"<UnitPrice>k__BackingField":14.0000,"<UnitsInStock>k__BackingField":111,"<UnitsOnOrder>k__BackingField":0},{"<CategoryID>k__BackingField":1,"<Discontinued>k__BackingField":false,"<ProductID>k__BackingField":35,"<ProductName>k__BackingField":"Steeleye Stout","<QuantityPerUnit>k__BackingField":"24 - 12 oz bottles","<ReorderLevel>k__BackingField":15,"<SupplierID>k__BackingField":16,"<UnitPrice>k__BackingField":18.0000,"<UnitsInStock>k__BackingField":20,"<UnitsOnOrder>k__BackingField":0},{"<CategoryID>k__BackingField":1,"<Discontinued>k__BackingField":false,"<ProductID>k__BackingField":38,"<ProductName>k__BackingField":"Côte de Blaye","<QuantityPerUnit>k__BackingField":"12 - 75 cl bottles","<ReorderLevel>k__BackingField":15,"<SupplierID>k__BackingField":18,"<UnitPrice>k__BackingField":263.5000,"<UnitsInStock>k__BackingField":17,"<UnitsOnOrder>k__BackingField":0},{"<CategoryID>k__BackingField":1,"<Discontinued>k__BackingField":false,"<ProductID>k__BackingField":39,"<ProductName>k__BackingField":"Chartreuse verte","<QuantityPerUnit>k__BackingField":"750 cc per bottle","<ReorderLevel>k__BackingField":5,"<SupplierID>k__BackingField":18,"<UnitPrice>k__BackingField":18.0000,"<UnitsInStock>k__BackingField":69,"<UnitsOnOrder>k__BackingField":0},{"<CategoryID>k__BackingField":1,"<Discontinued>k__BackingField":false,"<ProductID>k__BackingField":43,"<ProductName>k__BackingField":"Ipoh Coffee","<QuantityPerUnit>k__BackingField":"16 - 500 g tins","<ReorderLevel>k__BackingField":25,"<SupplierID>k__BackingField":20,"<UnitPrice>k__BackingField":46.0000,"<UnitsInStock>k__BackingField":17,"<UnitsOnOrder>k__BackingField":10},{"<CategoryID>k__BackingField":1,"<Discontinued>k__BackingField":false,"<ProductID>k__BackingField":67,"<ProductName>k__BackingField":"Laughing Lumberjack Lager","<QuantityPerUnit>k__BackingField":"24 - 12 oz bottles","<ReorderLevel>k__BackingField":10,"<SupplierID>k__BackingField":16,"<UnitPrice>k__BackingField":14.0000,"<UnitsInStock>k__BackingField":52,"<UnitsOnOrder>k__BackingField":0},{"<CategoryID>k__BackingField":1,"<Discontinued>k__BackingField":false,"<ProductID>k__BackingField":70,"<ProductName>k__BackingField":"Outback Lager","<QuantityPerUnit>k__BackingField":"24 - 355 ml bottles","<ReorderLevel>k__BackingField":30,"<SupplierID>k__BackingField":7,"<UnitPrice>k__BackingField":15.0000,"<UnitsInStock>k__BackingField":15,"<UnitsOnOrder>k__BackingField":10},{"<CategoryID>k__BackingField":1,"<Discontinued>k__BackingField":false,"<ProductID>k__BackingField":75,"<ProductName>k__BackingField":"Rhönbräu Klosterbier","<QuantityPerUnit>k__BackingField":"24 - 0.5 l bottles","<ReorderLevel>k__BackingField":25,"<SupplierID>k__BackingField":12,"<UnitPrice>k__BackingField":7.7500,"<UnitsInStock>k__BackingField":125,"<UnitsOnOrder>k__BackingField":0},{"<CategoryID>k__BackingField":1,"<Discontinued>k__BackingField":false,"<ProductID>k__BackingField":76,"<ProductName>k__BackingField":"Lakkalikööri","<QuantityPerUnit>k__BackingField":"500 ml","<ReorderLevel>k__BackingField":20,"<SupplierID>k__BackingField":23,"<UnitPrice>k__BackingField":18.0000,"<UnitsInStock>k__BackingField":57,"<UnitsOnOrder>k__BackingField":0}]},{"<CategoryID>k__BackingField":2,"<CategoryName>k__BackingField":"Condiments","<Description>k__BackingField":"Sweet and savory sauces, relishes, spreads, and seasonings","<Products>k__BackingField":[{"<CategoryID>k__BackingField":2,"<Discontinued>k__BackingField":false,"<ProductID>k__BackingField":3,"<ProductName>k__BackingField":"Aniseed Syrup","<QuantityPerUnit>k__BackingField":"12 - 550 ml bottles","<ReorderLevel>k__BackingField":25,"<SupplierID>k__BackingField":1,"<UnitPrice>k__BackingField":10.0000,"<UnitsInStock>k__BackingField":13,"<UnitsOnOrder>k__BackingField":70},{"<CategoryID>k__BackingField":2,"<Discontinued>k__BackingField":false,"<ProductID>k__BackingField":4,"<ProductName>k__BackingField":"Chef Anton's Cajun Seasoning","<QuantityPerUnit>k__BackingField":"48 - 6 oz jars","<ReorderLevel>k__BackingField":0,"<SupplierID>k__BackingField":2,"<UnitPrice>k__BackingField":22.0000,"<UnitsInStock>k__BackingField":53,"<UnitsOnOrder>k__BackingField":0},{"<CategoryID>k__BackingField":2,"<Discontinued>k__BackingField":true,"<ProductID>k__BackingField":5,"<ProductName>k__BackingField":"Chef Anton's Gumbo Mix","<QuantityPerUnit>k__BackingField":"36 boxes","<ReorderLevel>k__BackingField":0,"<SupplierID>k__BackingField":2,"<UnitPrice>k__BackingField":21.3500,"<UnitsInStock>k__BackingField":0,"<UnitsOnOrder>k__BackingField":0},{"<CategoryID>k__BackingField":2,"<Discontinued>k__BackingField":false,"<ProductID>k__BackingField":6,"<ProductName>k__BackingField":"Grandma's Boysenberry Spread","<QuantityPerUnit>k__BackingField":"12 - 8 oz jars","<ReorderLevel>k__BackingField":25,"<SupplierID>k__BackingField":3,"<UnitPrice>k__BackingField":25.0000,"<UnitsInStock>k__BackingField":120,"<UnitsOnOrder>k__BackingField":0},{"<CategoryID>k__BackingField":2,"<Discontinued>k__BackingField":false,"<ProductID>k__BackingField":8,"<ProductName>k__BackingField":"Northwoods Cranberry Sauce","<QuantityPerUnit>k__BackingField":"12 - 12 oz jars","<ReorderLevel>k__BackingField":0,"<SupplierID>k__BackingField":3,"<UnitPrice>k__BackingField":40.0000,"<UnitsInStock>k__BackingField":6,"<UnitsOnOrder>k__BackingField":0},{"<CategoryID>k__BackingField":2,"<Discontinued>k__BackingField":false,"<ProductID>k__BackingField":15,"<ProductName>k__BackingField":"Genen Shouyu","<QuantityPerUnit>k__BackingField":"24 - 250 ml bottles","<ReorderLevel>k__BackingField":5,"<SupplierID>k__BackingField":6,"<UnitPrice>k__BackingField":15.5000,"<UnitsInStock>k__BackingField":39,"<UnitsOnOrder>k__BackingField":0},{"<CategoryID>k__BackingField":2,"<Discontinued>k__BackingField":false,"<ProductID>k__BackingField":44,"<ProductName>k__BackingField":"Gula Malacca","<QuantityPerUnit>k__BackingField":"20 - 2 kg bags","<ReorderLevel>k__BackingField":15,"<SupplierID>k__BackingField":20,"<UnitPrice>k__BackingField":19.4500,"<UnitsInStock>k__BackingField":27,"<UnitsOnOrder>k__BackingField":0},{"<CategoryID>k__BackingField":2,"<Discontinued>k__BackingField":false,"<ProductID>k__BackingField":61,"<ProductName>k__BackingField":"Sirop d'érable","<QuantityPerUnit>k__BackingField":"24 - 500 ml bottles","<ReorderLevel>k__BackingField":25,"<SupplierID>k__BackingField":29,"<UnitPrice>k__BackingField":28.5000,"<UnitsInStock>k__BackingField":113,"<UnitsOnOrder>k__BackingField":0},{"<CategoryID>k__BackingField":2,"<Discontinued>k__BackingField":false,"<ProductID>k__BackingField":63,"<ProductName>k__BackingField":"Vegie-spread","<QuantityPerUnit>k__BackingField":"15 - 625 g jars","<ReorderLevel>k__BackingField":5,"<SupplierID>k__BackingField":7,"<UnitPrice>k__BackingField":43.9000,"<UnitsInStock>k__BackingField":24,"<UnitsOnOrder>k__BackingField":0},{"<CategoryID>k__BackingField":2,"<Discontinued>k__BackingField":false,"<ProductID>k__BackingField":65,"<ProductName>k__BackingField":"Louisiana Fiery Hot Pepper Sauce","<QuantityPerUnit>k__BackingField":"32 - 8 oz bottles","<ReorderLevel>k__BackingField":0,"<SupplierID>k__BackingField":2,"<UnitPrice>k__BackingField":21.0500,"<UnitsInStock>k__BackingField":76,"<UnitsOnOrder>k__BackingField":0},{"<CategoryID>k__BackingField":2,"<Discontinued>k__BackingField":false,"<ProductID>k__BackingField":66,"<ProductName>k__BackingField":"Louisiana Hot Spiced Okra","<QuantityPerUnit>k__BackingField":"24 - 8 oz jars","<ReorderLevel>k__BackingField":20,"<SupplierID>k__BackingField":2,"<UnitPrice>k__BackingField":17.0000,"<UnitsInStock>k__BackingField":4,"<UnitsOnOrder>k__BackingField":100},{"<CategoryID>k__BackingField":2,"<Discontinued>k__BackingField":false,"<ProductID>k__BackingField":77,"<ProductName>k__BackingField":"Original Frankfurter grüne Soße","<QuantityPerUnit>k__BackingField":"12 boxes","<ReorderLevel>k__BackingField":15,"<SupplierID>k__BackingField":12,"<UnitPrice>k__BackingField":13.0000,"<UnitsInStock>k__BackingField":32,"<UnitsOnOrder>k__BackingField":0}]},{"<CategoryID>k__BackingField":3,"<CategoryName>k__BackingField":"Confections","<Description>k__BackingField":"Desserts, candies, and sweet breads","<Products>k__BackingField":[{"<CategoryID>k__BackingField":3,"<Discontinued>k__BackingField":false,"<ProductID>k__BackingField":16,"<ProductName>k__BackingField":"Pavlova","<QuantityPerUnit>k__BackingField":"32 - 500 g boxes","<ReorderLevel>k__BackingField":10,"<SupplierID>k__BackingField":7,"<UnitPrice>k__BackingField":17.4500,"<UnitsInStock>k__BackingField":29,"<UnitsOnOrder>k__BackingField":0},{"<CategoryID>k__BackingField":3,"<Discontinued>k__BackingField":false,"<ProductID>k__BackingField":19,"<ProductName>k__BackingField":"Teatime Chocolate Biscuits","<QuantityPerUnit>k__BackingField":"10 boxes x 12 pieces","<ReorderLevel>k__BackingField":5,"<SupplierID>k__BackingField":8,"<UnitPrice>k__BackingField":9.2000,"<UnitsInStock>k__BackingField":25,"<UnitsOnOrder>k__BackingField":0},{"<CategoryID>k__BackingField":3,"<Discontinued>k__BackingField":false,"<ProductID>k__BackingField":20,"<ProductName>k__BackingField":"Sir Rodney's Marmalade","<QuantityPerUnit>k__BackingField":"30 gift boxes","<ReorderLevel>k__BackingField":0,"<SupplierID>k__BackingField":8,"<UnitPrice>k__BackingField":81.0000,"<UnitsInStock>k__BackingField":40,"<UnitsOnOrder>k__BackingField":0},{"<CategoryID>k__BackingField":3,"<Discontinued>k__BackingField":false,"<ProductID>k__BackingField":21,"<ProductName>k__BackingField":"Sir Rodney's Scones","<QuantityPerUnit>k__BackingField":"24 pkgs. x 4 pieces","<ReorderLevel>k__BackingField":5,"<SupplierID>k__BackingField":8,"<UnitPrice>k__BackingField":10.0000,"<UnitsInStock>k__BackingField":3,"<UnitsOnOrder>k__BackingField":40},{"<CategoryID>k__BackingField":3,"<Discontinued>k__BackingField":false,"<ProductID>k__BackingField":25,"<ProductName>k__BackingField":"NuNuCa Nuß-Nougat-Creme","<QuantityPerUnit>k__BackingField":"20 - 450 g glasses","<ReorderLevel>k__BackingField":30,"<SupplierID>k__BackingField":11,"<UnitPrice>k__BackingField":14.0000,"<UnitsInStock>k__BackingField":76,"<UnitsOnOrder>k__BackingField":0},{"<CategoryID>k__BackingField":3,"<Discontinued>k__BackingField":false,"<ProductID>k__BackingField":26,"<ProductName>k__BackingField":"Gumbär Gummibärchen","<QuantityPerUnit>k__BackingField":"100 - 250 g bags","<ReorderLevel>k__BackingField":0,"<SupplierID>k__BackingField":11,"<UnitPrice>k__BackingField":31.2300,"<UnitsInStock>k__BackingField":15,"<UnitsOnOrder>k__BackingField":0},{"<CategoryID>k__BackingField":3,"<Discontinued>k__BackingField":false,"<ProductID>k__BackingField":27,"<ProductName>k__BackingField":"Schoggi Schokolade","<QuantityPerUnit>k__BackingField":"100 - 100 g pieces","<ReorderLevel>k__BackingField":30,"<SupplierID>k__BackingField":11,"<UnitPrice>k__BackingField":43.9000,"<UnitsInStock>k__BackingField":49,"<UnitsOnOrder>k__BackingField":0},{"<CategoryID>k__BackingField":3,"<Discontinued>k__BackingField":false,"<ProductID>k__BackingField":47,"<ProductName>k__BackingField":"Zaanse koeken","<QuantityPerUnit>k__BackingField":"10 - 4 oz boxes","<ReorderLevel>k__BackingField":0,"<SupplierID>k__BackingField":22,"<UnitPrice>k__BackingField":9.5000,"<UnitsInStock>k__BackingField":36,"<UnitsOnOrder>k__BackingField":0},{"<CategoryID>k__BackingField":3,"<Discontinued>k__BackingField":false,"<ProductID>k__BackingField":48,"<ProductName>k__BackingField":"Chocolade","<QuantityPerUnit>k__BackingField":"10 pkgs.","<ReorderLevel>k__BackingField":25,"<SupplierID>k__BackingField":22,"<UnitPrice>k__BackingField":12.7500,"<UnitsInStock>k__BackingField":15,"<UnitsOnOrder>k__BackingField":70},{"<CategoryID>k__BackingField":3,"<Discontinued>k__BackingField":false,"<ProductID>k__BackingField":49,"<ProductName>k__BackingField":"Maxilaku","<QuantityPerUnit>k__BackingField":"24 - 50 g pkgs.","<ReorderLevel>k__BackingField":15,"<SupplierID>k__BackingField":23,"<UnitPrice>k__BackingField":20.0000,"<UnitsInStock>k__BackingField":10,"<UnitsOnOrder>k__BackingField":60},{"<CategoryID>k__BackingField":3,"<Discontinued>k__BackingField":false,"<ProductID>k__BackingField":50,"<ProductName>k__BackingField":"Valkoinen suklaa","<QuantityPerUnit>k__BackingField":"12 - 100 g bars","<ReorderLevel>k__BackingField":30,"<SupplierID>k__BackingField":23,"<UnitPrice>k__BackingField":16.2500,"<UnitsInStock>k__BackingField":65,"<UnitsOnOrder>k__BackingField":0},{"<CategoryID>k__BackingField":3,"<Discontinued>k__BackingField":false,"<ProductID>k__BackingField":62,"<ProductName>k__BackingField":"Tarte au sucre","<QuantityPerUnit>k__BackingField":"48 pies","<ReorderLevel>k__BackingField":0,"<SupplierID>k__BackingField":29,"<UnitPrice>k__BackingField":49.3000,"<UnitsInStock>k__BackingField":17,"<UnitsOnOrder>k__BackingField":0},{"<CategoryID>k__BackingField":3,"<Discontinued>k__BackingField":false,"<ProductID>k__BackingField":68,"<ProductName>k__BackingField":"Scottish Longbreads","<QuantityPerUnit>k__BackingField":"10 boxes x 8 pieces","<ReorderLevel>k__BackingField":15,"<SupplierID>k__BackingField":8,"<UnitPrice>k__BackingField":12.5000,"<UnitsInStock>k__BackingField":6,"<UnitsOnOrder>k__BackingField":10}]},{"<CategoryID>k__BackingField":4,"<CategoryName>k__BackingField":"Dairy Products","<Description>k__BackingField":"Cheeses","<Products>k__BackingField":[{"<CategoryID>k__BackingField":4,"<Discontinued>k__BackingField":false,"<ProductID>k__BackingField":11,"<ProductName>k__BackingField":"Queso Cabrales","<QuantityPerUnit>k__BackingField":"1 kg pkg.","<ReorderLevel>k__BackingField":30,"<SupplierID>k__BackingField":5,"<UnitPrice>k__BackingField":21.0000,"<UnitsInStock>k__BackingField":22,"<UnitsOnOrder>k__BackingField":30},{"<CategoryID>k__BackingField":4,"<Discontinued>k__BackingField":false,"<ProductID>k__BackingField":12,"<ProductName>k__BackingField":"Queso Manchego La Pastora","<QuantityPerUnit>k__BackingField":"10 - 500 g pkgs.","<ReorderLevel>k__BackingField":0,"<SupplierID>k__BackingField":5,"<UnitPrice>k__BackingField":38.0000,"<UnitsInStock>k__BackingField":86,"<UnitsOnOrder>k__BackingField":0},{"<CategoryID>k__BackingField":4,"<Discontinued>k__BackingField":false,"<ProductID>k__BackingField":31,"<ProductName>k__BackingField":"Gorgonzola Telino","<QuantityPerUnit>k__BackingField":"12 - 100 g pkgs","<ReorderLevel>k__BackingField":20,"<SupplierID>k__BackingField":14,"<UnitPrice>k__BackingField":12.5000,"<UnitsInStock>k__BackingField":0,"<UnitsOnOrder>k__BackingField":70},{"<CategoryID>k__BackingField":4,"<Discontinued>k__BackingField":false,"<ProductID>k__BackingField":32,"<ProductName>k__BackingField":"Mascarpone Fabioli","<QuantityPerUnit>k__BackingField":"24 - 200 g pkgs.","<ReorderLevel>k__BackingField":25,"<SupplierID>k__BackingField":14,"<UnitPrice>k__BackingField":32.0000,"<UnitsInStock>k__BackingField":9,"<UnitsOnOrder>k__BackingField":40},{"<CategoryID>k__BackingField":4,"<Discontinued>k__BackingField":false,"<ProductID>k__BackingField":33,"<ProductName>k__BackingField":"Geitost","<QuantityPerUnit>k__BackingField":"500 g","<ReorderLevel>k__BackingField":20,"<SupplierID>k__BackingField":15,"<UnitPrice>k__BackingField":2.5000,"<UnitsInStock>k__BackingField":112,"<UnitsOnOrder>k__BackingField":0},{"<CategoryID>k__BackingField":4,"<Discontinued>k__BackingField":false,"<ProductID>k__BackingField":59,"<ProductName>k__BackingField":"Raclette Courdavault","<QuantityPerUnit>k__BackingField":"5 kg pkg.","<ReorderLevel>k__BackingField":0,"<SupplierID>k__BackingField":28,"<UnitPrice>k__BackingField":55.0000,"<UnitsInStock>k__BackingField":79,"<UnitsOnOrder>k__BackingField":0},{"<CategoryID>k__BackingField":4,"<Discontinued>k__BackingField":false,"<ProductID>k__BackingField":60,"<ProductName>k__BackingField":"Camembert Pierrot","<QuantityPerUnit>k__BackingField":"15 - 300 g rounds","<ReorderLevel>k__BackingField":0,"<SupplierID>k__BackingField":28,"<UnitPrice>k__BackingField":34.0000,"<UnitsInStock>k__BackingField":19,"<UnitsOnOrder>k__BackingField":0},{"<CategoryID>k__BackingField":4,"<Discontinued>k__BackingField":false,"<ProductID>k__BackingField":69,"<ProductName>k__BackingField":"Gudbrandsdalsost","<QuantityPerUnit>k__BackingField":"10 kg pkg.","<ReorderLevel>k__BackingField":15,"<SupplierID>k__BackingField":15,"<UnitPrice>k__BackingField":36.0000,"<UnitsInStock>k__BackingField":26,"<UnitsOnOrder>k__BackingField":0},{"<CategoryID>k__BackingField":4,"<Discontinued>k__BackingField":false,"<ProductID>k__BackingField":71,"<ProductName>k__BackingField":"Flotemysost","<QuantityPerUnit>k__BackingField":"10 - 500 g pkgs.","<ReorderLevel>k__BackingField":0,"<SupplierID>k__BackingField":15,"<UnitPrice>k__BackingField":21.5000,"<UnitsInStock>k__BackingField":26,"<UnitsOnOrder>k__BackingField":0},{"<CategoryID>k__BackingField":4,"<Discontinued>k__BackingField":false,"<ProductID>k__BackingField":72,"<ProductName>k__BackingField":"Mozzarella di Giovanni","<QuantityPerUnit>k__BackingField":"24 - 200 g pkgs.","<ReorderLevel>k__BackingField":0,"<SupplierID>k__BackingField":14,"<UnitPrice>k__BackingField":34.8000,"<UnitsInStock>k__BackingField":14,"<UnitsOnOrder>k__BackingField":0}]},{"<CategoryID>k__BackingField":5,"<CategoryName>k__BackingField":"Grains\/Cereals","<Description>k__BackingField":"Breads, crackers, pasta, and cereal","<Products>k__BackingField":[{"<CategoryID>k__BackingField":5,"<Discontinued>k__BackingField":false,"<ProductID>k__BackingField":22,"<ProductName>k__BackingField":"Gustaf's Knäckebröd","<QuantityPerUnit>k__BackingField":"24 - 500 g pkgs.","<ReorderLevel>k__BackingField":25,"<SupplierID>k__BackingField":9,"<UnitPrice>k__BackingField":21.0000,"<UnitsInStock>k__BackingField":104,"<UnitsOnOrder>k__BackingField":0},{"<CategoryID>k__BackingField":5,"<Discontinued>k__BackingField":false,"<ProductID>k__BackingField":23,"<ProductName>k__BackingField":"Tunnbröd","<QuantityPerUnit>k__BackingField":"12 - 250 g pkgs.","<ReorderLevel>k__BackingField":25,"<SupplierID>k__BackingField":9,"<UnitPrice>k__BackingField":9.0000,"<UnitsInStock>k__BackingField":61,"<UnitsOnOrder>k__BackingField":0},{"<CategoryID>k__BackingField":5,"<Discontinued>k__BackingField":true,"<ProductID>k__BackingField":42,"<ProductName>k__BackingField":"Singaporean Hokkien Fried Mee","<QuantityPerUnit>k__BackingField":"32 - 1 kg pkgs.","<ReorderLevel>k__BackingField":0,"<SupplierID>k__BackingField":20,"<UnitPrice>k__BackingField":14.0000,"<UnitsInStock>k__BackingField":26,"<UnitsOnOrder>k__BackingField":0},{"<CategoryID>k__BackingField":5,"<Discontinued>k__BackingField":false,"<ProductID>k__BackingField":52,"<ProductName>k__BackingField":"Filo Mix","<QuantityPerUnit>k__BackingField":"16 - 2 kg boxes","<ReorderLevel>k__BackingField":25,"<SupplierID>k__BackingField":24,"<UnitPrice>k__BackingField":7.0000,"<UnitsInStock>k__BackingField":38,"<UnitsOnOrder>k__BackingField":0},{"<CategoryID>k__BackingField":5,"<Discontinued>k__BackingField":false,"<ProductID>k__BackingField":56,"<ProductName>k__BackingField":"Gnocchi di nonna Alice","<QuantityPerUnit>k__BackingField":"24 - 250 g pkgs.","<ReorderLevel>k__BackingField":30,"<SupplierID>k__BackingField":26,"<UnitPrice>k__BackingField":38.0000,"<UnitsInStock>k__BackingField":21,"<UnitsOnOrder>k__BackingField":10},{"<CategoryID>k__BackingField":5,"<Discontinued>k__BackingField":false,"<ProductID>k__BackingField":57,"<ProductName>k__BackingField":"Ravioli Angelo","<QuantityPerUnit>k__BackingField":"24 - 250 g pkgs.","<ReorderLevel>k__BackingField":20,"<SupplierID>k__BackingField":26,"<UnitPrice>k__BackingField":19.5000,"<UnitsInStock>k__BackingField":36,"<UnitsOnOrder>k__BackingField":0},{"<CategoryID>k__BackingField":5,"<Discontinued>k__BackingField":false,"<ProductID>k__BackingField":64,"<ProductName>k__BackingField":"Wimmers gute Semmelknödel","<QuantityPerUnit>k__BackingField":"20 bags x 4 pieces","<ReorderLevel>k__BackingField":30,"<SupplierID>k__BackingField":12,"<UnitPrice>k__BackingField":33.2500,"<UnitsInStock>k__BackingField":22,"<UnitsOnOrder>k__BackingField":80}]},{"<CategoryID>k__BackingField":6,"<CategoryName>k__BackingField":"Meat\/Poultry","<Description>k__BackingField":"Prepared meats","<Products>k__BackingField":[{"<CategoryID>k__BackingField":6,"<Discontinued>k__BackingField":true,"<ProductID>k__BackingField":9,"<ProductName>k__BackingField":"Mishi Kobe Niku","<QuantityPerUnit>k__BackingField":"18 - 500 g pkgs.","<ReorderLevel>k__BackingField":0,"<SupplierID>k__BackingField":4,"<UnitPrice>k__BackingField":97.0000,"<UnitsInStock>k__BackingField":29,"<UnitsOnOrder>k__BackingField":0},{"<CategoryID>k__BackingField":6,"<Discontinued>k__BackingField":true,"<ProductID>k__BackingField":17,"<ProductName>k__BackingField":"Alice Mutton","<QuantityPerUnit>k__BackingField":"20 - 1 kg tins","<ReorderLevel>k__BackingField":0,"<SupplierID>k__BackingField":7,"<UnitPrice>k__BackingField":39.0000,"<UnitsInStock>k__BackingField":0,"<UnitsOnOrder>k__BackingField":0},{"<CategoryID>k__BackingField":6,"<Discontinued>k__BackingField":true,"<ProductID>k__BackingField":29,"<ProductName>k__BackingField":"Thüringer Rostbratwurst","<QuantityPerUnit>k__BackingField":"50 bags x 30 sausgs.","<ReorderLevel>k__BackingField":0,"<SupplierID>k__BackingField":12,"<UnitPrice>k__BackingField":123.7900,"<UnitsInStock>k__BackingField":0,"<UnitsOnOrder>k__BackingField":0},{"<CategoryID>k__BackingField":6,"<Discontinued>k__BackingField":true,"<ProductID>k__BackingField":53,"<ProductName>k__BackingField":"Perth Pasties","<QuantityPerUnit>k__BackingField":"48 pieces","<ReorderLevel>k__BackingField":0,"<SupplierID>k__BackingField":24,"<UnitPrice>k__BackingField":32.8000,"<UnitsInStock>k__BackingField":0,"<UnitsOnOrder>k__BackingField":0},{"<CategoryID>k__BackingField":6,"<Discontinued>k__BackingField":false,"<ProductID>k__BackingField":54,"<ProductName>k__BackingField":"Tourtière","<QuantityPerUnit>k__BackingField":"16 pies","<ReorderLevel>k__BackingField":10,"<SupplierID>k__BackingField":25,"<UnitPrice>k__BackingField":7.4500,"<UnitsInStock>k__BackingField":21,"<UnitsOnOrder>k__BackingField":0},{"<CategoryID>k__BackingField":6,"<Discontinued>k__BackingField":false,"<ProductID>k__BackingField":55,"<ProductName>k__BackingField":"Pâté chinois","<QuantityPerUnit>k__BackingField":"24 boxes x 2 pies","<ReorderLevel>k__BackingField":20,"<SupplierID>k__BackingField":25,"<UnitPrice>k__BackingField":24.0000,"<UnitsInStock>k__BackingField":115,"<UnitsOnOrder>k__BackingField":0}]},{"<CategoryID>k__BackingField":7,"<CategoryName>k__BackingField":"Produce","<Description>k__BackingField":"Dried fruit and bean curd","<Products>k__BackingField":[{"<CategoryID>k__BackingField":7,"<Discontinued>k__BackingField":false,"<ProductID>k__BackingField":7,"<ProductName>k__BackingField":"Uncle Bob's Organic Dried Pears","<QuantityPerUnit>k__BackingField":"12 - 1 lb pkgs.","<ReorderLevel>k__BackingField":10,"<SupplierID>k__BackingField":3,"<UnitPrice>k__BackingField":30.0000,"<UnitsInStock>k__BackingField":15,"<UnitsOnOrder>k__BackingField":0},{"<CategoryID>k__BackingField":7,"<Discontinued>k__BackingField":false,"<ProductID>k__BackingField":14,"<ProductName>k__BackingField":"Tofu","<QuantityPerUnit>k__BackingField":"40 - 100 g pkgs.","<ReorderLevel>k__BackingField":0,"<SupplierID>k__BackingField":6,"<UnitPrice>k__BackingField":23.2500,"<UnitsInStock>k__BackingField":35,"<UnitsOnOrder>k__BackingField":0},{"<CategoryID>k__BackingField":7,"<Discontinued>k__BackingField":true,"<ProductID>k__BackingField":28,"<ProductName>k__BackingField":"Rössle Sauerkraut","<QuantityPerUnit>k__BackingField":"25 - 825 g cans","<ReorderLevel>k__BackingField":0,"<SupplierID>k__BackingField":12,"<UnitPrice>k__BackingField":45.6000,"<UnitsInStock>k__BackingField":26,"<UnitsOnOrder>k__BackingField":0},{"<CategoryID>k__BackingField":7,"<Discontinued>k__BackingField":false,"<ProductID>k__BackingField":51,"<ProductName>k__BackingField":"Manjimup Dried Apples","<QuantityPerUnit>k__BackingField":"50 - 300 g pkgs.","<ReorderLevel>k__BackingField":10,"<SupplierID>k__BackingField":24,"<UnitPrice>k__BackingField":53.0000,"<UnitsInStock>k__BackingField":20,"<UnitsOnOrder>k__BackingField":0},{"<CategoryID>k__BackingField":7,"<Discontinued>k__BackingField":false,"<ProductID>k__BackingField":74,"<ProductName>k__BackingField":"Longlife Tofu","<QuantityPerUnit>k__BackingField":"5 kg pkg.","<ReorderLevel>k__BackingField":5,"<SupplierID>k__BackingField":4,"<UnitPrice>k__BackingField":10.0000,"<UnitsInStock>k__BackingField":4,"<UnitsOnOrder>k__BackingField":20}]},{"<CategoryID>k__BackingField":8,"<CategoryName>k__BackingField":"Seafood","<Description>k__BackingField":"Seaweed and fish","<Products>k__BackingField":[{"<CategoryID>k__BackingField":8,"<Discontinued>k__BackingField":false,"<ProductID>k__BackingField":10,"<ProductName>k__BackingField":"Ikura","<QuantityPerUnit>k__BackingField":"12 - 200 ml jars","<ReorderLevel>k__BackingField":0,"<SupplierID>k__BackingField":4,"<UnitPrice>k__BackingField":31.0000,"<UnitsInStock>k__BackingField":31,"<UnitsOnOrder>k__BackingField":0},{"<CategoryID>k__BackingField":8,"<Discontinued>k__BackingField":false,"<ProductID>k__BackingField":13,"<ProductName>k__BackingField":"Konbu","<QuantityPerUnit>k__BackingField":"2 kg box","<ReorderLevel>k__BackingField":5,"<SupplierID>k__BackingField":6,"<UnitPrice>k__BackingField":6.0000,"<UnitsInStock>k__BackingField":24,"<UnitsOnOrder>k__BackingField":0},{"<CategoryID>k__BackingField":8,"<Discontinued>k__BackingField":false,"<ProductID>k__BackingField":18,"<ProductName>k__BackingField":"Carnarvon Tigers","<QuantityPerUnit>k__BackingField":"16 kg pkg.","<ReorderLevel>k__BackingField":0,"<SupplierID>k__BackingField":7,"<UnitPrice>k__BackingField":62.5000,"<UnitsInStock>k__BackingField":42,"<UnitsOnOrder>k__BackingField":0},{"<CategoryID>k__BackingField":8,"<Discontinued>k__BackingField":false,"<ProductID>k__BackingField":30,"<ProductName>k__BackingField":"Nord-Ost Matjeshering","<QuantityPerUnit>k__BackingField":"10 - 200 g glasses","<ReorderLevel>k__BackingField":15,"<SupplierID>k__BackingField":13,"<UnitPrice>k__BackingField":25.8900,"<UnitsInStock>k__BackingField":10,"<UnitsOnOrder>k__BackingField":0},{"<CategoryID>k__BackingField":8,"<Discontinued>k__BackingField":false,"<ProductID>k__BackingField":36,"<ProductName>k__BackingField":"Inlagd Sill","<QuantityPerUnit>k__BackingField":"24 - 250 g  jars","<ReorderLevel>k__BackingField":20,"<SupplierID>k__BackingField":17,"<UnitPrice>k__BackingField":19.0000,"<UnitsInStock>k__BackingField":112,"<UnitsOnOrder>k__BackingField":0},{"<CategoryID>k__BackingField":8,"<Discontinued>k__BackingField":false,"<ProductID>k__BackingField":37,"<ProductName>k__BackingField":"Gravad lax","<QuantityPerUnit>k__BackingField":"12 - 500 g pkgs.","<ReorderLevel>k__BackingField":25,"<SupplierID>k__BackingField":17,"<UnitPrice>k__BackingField":26.0000,"<UnitsInStock>k__BackingField":11,"<UnitsOnOrder>k__BackingField":50},{"<CategoryID>k__BackingField":8,"<Discontinued>k__BackingField":false,"<ProductID>k__BackingField":40,"<ProductName>k__BackingField":"Boston Crab Meat","<QuantityPerUnit>k__BackingField":"24 - 4 oz tins","<ReorderLevel>k__BackingField":30,"<SupplierID>k__BackingField":19,"<UnitPrice>k__BackingField":18.4000,"<UnitsInStock>k__BackingField":123,"<UnitsOnOrder>k__BackingField":0},{"<CategoryID>k__BackingField":8,"<Discontinued>k__BackingField":false,"<ProductID>k__BackingField":41,"<ProductName>k__BackingField":"Jack's New England Clam Chowder","<QuantityPerUnit>k__BackingField":"12 - 12 oz cans","<ReorderLevel>k__BackingField":10,"<SupplierID>k__BackingField":19,"<UnitPrice>k__BackingField":9.6500,"<UnitsInStock>k__BackingField":85,"<UnitsOnOrder>k__BackingField":0},{"<CategoryID>k__BackingField":8,"<Discontinued>k__BackingField":false,"<ProductID>k__BackingField":45,"<ProductName>k__BackingField":"Rogede sild","<QuantityPerUnit>k__BackingField":"1k pkg.","<ReorderLevel>k__BackingField":15,"<SupplierID>k__BackingField":21,"<UnitPrice>k__BackingField":9.5000,"<UnitsInStock>k__BackingField":5,"<UnitsOnOrder>k__BackingField":70},{"<CategoryID>k__BackingField":8,"<Discontinued>k__BackingField":false,"<ProductID>k__BackingField":46,"<ProductName>k__BackingField":"Spegesild","<QuantityPerUnit>k__BackingField":"4 - 450 g glasses","<ReorderLevel>k__BackingField":0,"<SupplierID>k__BackingField":21,"<UnitPrice>k__BackingField":12.0000,"<UnitsInStock>k__BackingField":95,"<UnitsOnOrder>k__BackingField":0},{"<CategoryID>k__BackingField":8,"<Discontinued>k__BackingField":false,"<ProductID>k__BackingField":58,"<ProductName>k__BackingField":"Escargots de Bourgogne","<QuantityPerUnit>k__BackingField":"24 pieces","<ReorderLevel>k__BackingField":20,"<SupplierID>k__BackingField":27,"<UnitPrice>k__BackingField":13.2500,"<UnitsInStock>k__BackingField":62,"<UnitsOnOrder>k__BackingField":0},{"<CategoryID>k__BackingField":8,"<Discontinued>k__BackingField":false,"<ProductID>k__BackingField":73,"<ProductName>k__BackingField":"Röd Kaviar","<QuantityPerUnit>k__BackingField":"24 - 150 g jars","<ReorderLevel>k__BackingField":5,"<SupplierID>k__BackingField":17,"<UnitPrice>k__BackingField":15.0000,"<UnitsInStock>k__BackingField":101,"<UnitsOnOrder>k__BackingField":0}]}]