﻿{
  "$values": [
    {
      "$id": "Q1",
      "QuizID": "CSHARP",
      "Title": "C# and OOP",
      "Description": "Questions about the C# language and object-oriented programming.",
      "Questions": {
        "$values": [
          {
            "$id": "Q1.1",
            "QuestionID": 0,
            "QuestionText": "Which modifier would you apply to a type's member to allow only code within that type access to it?",
            "AnswerA": "internal",
            "AnswerB": "protected",
            "AnswerC": "private",
            "AnswerD": "public",
            "CorrectAnswer": "C",
            "Quiz": {
              "$ref": "Q1"
            }
          },
          {
            "$id": "Q1.2",
            "QuestionID": 0,
            "QuestionText": "Which keyword would you apply to a type's field to prevent its value from changing after an instance of the type has been created?",
            "AnswerA": "const",
            "AnswerB": "readonly",
            "AnswerC": "static",
            "AnswerD": "protected",
            "CorrectAnswer": "B",
            "Quiz": {
              "$ref": "Q1"
            }
          },
          {
            "$id": "Q1.3",
            "QuestionID": 0,
            "QuestionText": "Which keyword would you apply to a method in a base class to allow it be polymorphically re-defined?",
            "AnswerA": "override",
            "AnswerB": "new",
            "AnswerC": "protected",
            "AnswerD": "virtual",
            "CorrectAnswer": "D",
            "Quiz": {
              "$ref": "Q1"
            }
          },
          {
            "$id": "Q1.4",
            "QuestionID": 0,
            "QuestionText": "Which keyword would you apply to a method in a derived class to allow it be non-polymorphically re-defined?",
            "AnswerA": "override",
            "AnswerB": "new",
            "AnswerC": "protected",
            "AnswerD": "virtual",
            "CorrectAnswer": "B",
            "Quiz": {
              "$ref": "Q4"
            }
          }
        ]
      }
    },
    {
      "$id": "Q2",
      "QuizID": "FILEIO",
      "Title": "File I/O",
      "Description": "Questions about the file input/output features of the .NET Framework including serialization.",
      "Questions": {
        "$values": [
          {
            "$id": "Q2.1",
            "QuestionID": 0,
            "QuestionText": "What are the requirements for a type to be serialized by using the BinaryFormatter?",
            "AnswerA": "Apply [Serializable] to the type.",
            "AnswerB": "Apply [Serializable] to the type and make all fields public.",
            "AnswerC": "Ensure the type is public with a parameterless contructor.",
            "AnswerD": "Ensure the type is public with a parameterless contructor and make any fields you want to include public.",
            "CorrectAnswer": "A",
            "Quiz": {
              "$ref": "Q2"
            }
          },
          {
            "$id": "Q2.2",
            "QuestionID": 0,
            "QuestionText": "What are the requirements for a type to be serialized by using the XmlSerializer?",
            "AnswerA": "Apply [Serializable] to the type.",
            "AnswerB": "Apply [Serializable] to the type and make all fields public.",
            "AnswerC": "Ensure the type is public with a parameterless contructor.",
            "AnswerD": "Ensure the type is public with a parameterless contructor and make any fields you want to include public.",
            "CorrectAnswer": "D",
            "Quiz": {
              "$ref": "Q2"
            }
          }
        ]
      }
    },
    {
      "$id": "Q3",
      "QuizID": "ASPNET",
      "Title": "ASP.NET Web Applications and Services",
      "Description": "Questions about building MVC web applications and Web API services by using ASP.NET.",
      "Questions": {
        "$values": [
          {
            "$id": "Q3.1",
            "QuestionID": 0,
            "QuestionText": "Which of the following is NOT a requirement for an MVC controller?",
            "AnswerA": "The class must implement the IController interface.",
            "AnswerB": "The class must inherit from the Controller class.",
            "AnswerC": "The class must be public.",
            "AnswerD": "The class's action methods must NOT use generic types.",
            "CorrectAnswer": "B",
            "Quiz": {
              "$ref": "Q3"
            }
          }
        ]
      }
    }
  ]
}